-- users
INSERT INTO users (id,created_at,updated_at,age_range,email,gender,profile_image,social_id,social_type,status) VALUES
                                                                                                                                  (1,'2023-05-25 01:33:19.962133','2023-06-07 01:48:55.025494','TWENTIES','jty7539@naver.com','MALE','http://k.kakaocdn.net/dn/dpk9l1/btqmGhA2lKL/Oz0wDuJn1YV2DIn92f6DVK/img_640x640.jpg','2791316045','KAKAO','ACTIVE'),
                                                                                                                                  (2,'2023-05-25 13:32:23.865131','2023-05-28 14:22:31.140570',NULL,'xnn76qqnxd@privaterelay.appleid.com',NULL,NULL,'000248.6a76e303b4db439baeacbf9383444ac9.1645','APPLE','ACTIVE'),
                                                                                                                                  (3,'2023-05-26 00:53:21.781539','2023-06-07 03:35:44.745834','THIRTIES','gunoo0126@gmail.com','MALE',NULL,'2738402520','KAKAO','ACTIVE'),
                                                                                                                                  (4,'2023-05-28 09:38:10.362868','2023-05-28 15:54:38.554461',NULL,'artraine@gmail.com',NULL,'https://lh3.googleusercontent.com/a/AAcHTtf7QJAJVmjHVVXBO8YdfFtS2ETU_DzJqWhJ3Ik1OQ=s96-c','103314432979344289075','GOOGLE','ACTIVE'),
                                                                                                                                  (5,'2023-05-28 16:10:09.064850','2023-05-28 16:10:34.504303','TWENTIES','tape22@kakao.com','FEMALE','http://k.kakaocdn.net/dn/L7Fb5/btshrz6hPt8/WPB8sLG5k2yZaB8io2DOR0/img_640x640.jpg','2799082355','KAKAO','ACTIVE'),
                                                                                                                                  (6,'2023-05-28 22:45:33.312070','2023-05-28 22:45:33.312070','THIRTIES','guidols@naver.com','FEMALE','http://k.kakaocdn.net/dn/dpk9l1/btqmGhA2lKL/Oz0wDuJn1YV2DIn92f6DVK/img_640x640.jpg','2566648767','KAKAO','ONBOARDING'),
                                                                                                                                  (7,'2023-05-28 22:46:41.496317','2023-06-01 06:18:08.582488',NULL,'ggh8shsm76@privaterelay.appleid.com',NULL,NULL,'001391.3c3ac6b08fff41cbb092f6b936ad9ff0.1346','APPLE','ACTIVE'),
                                                                                                                                  (8,'2023-05-30 22:35:43.444600','2023-05-30 22:35:43.444600','TWENTIES','tape22@kakao.com','FEMALE','http://k.kakaocdn.net/dn/m7Ta4/btsh2nxD8Iy/aRRwVZD6WKmXOxke61YGLk/img_640x640.jpg','2604058741','KAKAO','ONBOARDING'),
                                                                                                                                  (9,'2023-05-31 03:35:16.550954','2023-05-31 03:35:42.679174',NULL,'jhqf7266sx@privaterelay.appleid.com',NULL,NULL,'000628.78e505e7957047a8900142e6f5e80d4d.1835','APPLE','ACTIVE'),
                                                                                                                                  (10,'2023-05-31 22:47:24.343896','2023-05-31 22:48:12.217009',NULL,'appreview1958@icloud.com',NULL,NULL,'000130.d2d00b608b9b4d03b1deaa44693f403c.1347','APPLE','ACTIVE');
INSERT INTO users (id,created_at,updated_at,age_range,email,gender,profile_image,social_id,social_type,status) VALUES
                                                                                                                                  (11,'2023-05-31 23:27:25.613189','2023-06-03 16:25:53.630451','THIRTIES','dev.gunoo@kakao.com','MALE','http://k.kakaocdn.net/dn/dpk9l1/btqmGhA2lKL/Oz0wDuJn1YV2DIn92f6DVK/img_640x640.jpg','2814422184','KAKAO','ACTIVE'),
                                                                                                                                  (12,'2023-06-01 18:30:30.704887','2023-06-03 15:07:39.692497','THIRTIES','soar_dy@kakao.com','FEMALE','http://k.kakaocdn.net/dn/dHAz7c/btr9nIb4nbW/K2ibzlb9eWL2YMCT0JPr0K/img_640x640.jpg','2795661177','KAKAO','ACTIVE'),
                                                                                                                                  (13,'2023-06-02 20:24:16.669941','2023-06-02 20:24:47.433936',NULL,'mw7dpkmj8k@privaterelay.appleid.com',NULL,NULL,'000802.079a2875bfe94120aeac83890c01419d.1124','APPLE','ACTIVE'),
                                                                                                                                  (14,'2023-06-02 20:27:29.232963','2023-06-02 20:27:29.232963','TWENTIES','bradbach76@icloud.com','MALE','http://k.kakaocdn.net/dn/dpk9l1/btqmGhA2lKL/Oz0wDuJn1YV2DIn92f6DVK/img_640x640.jpg','2817037459','KAKAO','ONBOARDING'),
                                                                                                                                  (15,'2023-06-03 13:49:16.403343','2023-06-04 10:37:56.914094',NULL,NULL,NULL,NULL,'2817846291','KAKAO','ACTIVE'),
                                                                                                                                  (16,'2023-06-03 20:24:13.327002','2023-06-07 02:58:27.726668',NULL,'gunoo0126@gmail.com',NULL,'https://s3.ap-northeast-2.amazonaws.com/alcdiary/profile/service/37761BC6-ABE3-401B-821E-776410BB84A0','000021.66f9141252cf48c0ba2c3b15b6caa883.0909','APPLE','ACTIVE'),
                                                                                                                                  (17,'2023-06-04 01:04:42.675213','2023-06-04 01:04:42.675213',NULL,NULL,NULL,NULL,'2818638756','KAKAO','ONBOARDING'),
                                                                                                                                  (18,'2023-06-04 01:05:33.134810','2023-06-04 01:05:56.785524',NULL,'njrgb4rvpt@privaterelay.appleid.com',NULL,NULL,'001427.c98e91e23ac04a40a2139b681e01e4c8.1605','APPLE','ACTIVE'),
                                                                                                                                  (19,'2023-06-04 12:08:00.026818','2023-06-04 12:08:49.753971',NULL,NULL,NULL,NULL,'2818995935','KAKAO','ACTIVE'),
                                                                                                                                  (20,'2023-06-05 03:45:00.895659','2023-06-05 03:45:31.536592','TWENTIES','yuns994@nate.com','MALE','http://k.kakaocdn.net/dn/OT1y9/btsfpePwdyF/wWS2SPksOLPVDAnWWtz9rk/img_640x640.jpg','2819998935','KAKAO','ACTIVE');
INSERT INTO users (id,created_at,updated_at,age_range,email,gender,profile_image,social_id,social_type,status) VALUES
                                                                                                                                  (22,'2023-06-06 14:23:39.192837','2023-06-06 14:24:02.773124','THIRTIES','whddhr99@hanmail.net','FEMALE','http://k.kakaocdn.net/dn/ciQNml/btrnjIYUIg1/HNd6suQXcvXBzKvqUwshH0/img_640x640.jpg','2821926899','KAKAO','ACTIVE'),
                                                                                                                                  (23,'2023-06-06 21:00:17.872518','2023-06-06 21:01:11.561485',NULL,NULL,NULL,NULL,'2822479331','KAKAO','ACTIVE'),
                                                                                                                                  (25,'2023-06-07 03:29:46.967645','2023-06-07 03:30:31.895777',NULL,'dev.taeyeong@gmail.com',NULL,'https://lh3.googleusercontent.com/a/AAcHTtfe7k1k4XVgvq7QfMK9WagOQEhLH-obVOY9jV0V=s96-c','105292003953444772006','GOOGLE','ONBOARDING');

-- user_details
INSERT INTO user_details (id,user_id,alcohol_type,description_style,personal_alcohol_limit,nickname,non_alcohol_goal,created_at,updated_at) VALUES
                                                                                                                                                    (1,1,'SOJU','MILD',3.5,'ㅋㅋ',7,'2023-05-25 01:33:19.962133','2023-06-07 10:33:31.502414'),
                                                                                                                                                    (2,2,'SOJU','MALA',1.5,'다예는QA중',2,'2023-05-25 13:32:23.865131','2023-05-28 14:22:31.140570'),
                                                                                                                                                    (3,3,'SOJU','MILD',6.0,'카카오 건우 테스트1',7,'2023-05-26 00:53:21.781539','2023-06-07 03:01:24.019021'),
                                                                                                                                                    (4,4,'SOJU','MALA',7.5,'단비구글',1,'2023-05-28 09:38:10.362868','2023-05-28 15:54:38.554461'),
                                                                                                                                                    (5,5,'SOJU','MALA',1.5,'tape22',5,'2023-05-28 16:10:09.064850','2023-05-28 16:10:34.504303'),
                                                                                                                                                    (6,7,'BEER','MILD',4.5,'단비애플',3,'2023-05-28 22:46:41.496317','2023-06-01 06:18:08.582488'),
                                                                                                                                                    (7,9,'SOJU','MILD',2.5,'Mimi',5,'2023-05-31 03:35:16.550954','2023-05-31 03:35:42.679174'),
                                                                                                                                                    (8,10,'BEER','MALA',10.0,'Lilolo',1,'2023-05-31 22:47:24.343896','2023-05-31 22:48:12.217009'),
                                                                                                                                                    (9,11,'SOJU','MILD',5.0,'dev건우',4,'2023-05-31 23:27:25.613189','2023-06-03 16:25:53.630451'),
                                                                                                                                                    (10,12,'SOJU','MALA',1.5,'소주소맥4051',3,'2023-06-01 18:30:30.704887','2023-06-03 15:07:39.692497');
INSERT INTO user_details (id,user_id,alcohol_type,description_style,personal_alcohol_limit,nickname,non_alcohol_goal,created_at,updated_at) VALUES
                                                                                                                                                    (11,13,'SOJU','MALA',1.0,'Poppyh',1,'2023-06-02 20:24:16.669941','2023-06-02 20:24:47.433936'),
                                                                                                                                                    (12,15,'BEER','MILD',2.0,'쫑쫑',3,'2023-06-03 13:49:16.403343','2023-06-04 10:37:56.914094'),
                                                                                                                                                    (13,16,'BEER','MILD',5.0,'애플 김건우 테스트',7,'2023-06-03 20:24:13.327002','2023-06-07 02:58:18.414270'),
                                                                                                                                                    (14,18,'SOJU','MALA',1.5,'원준수',7,'2023-06-04 01:05:33.134810','2023-06-04 01:05:56.785524'),
                                                                                                                                                    (15,19,'SOJU','MALA',3.0,'술고래',3,'2023-06-04 12:08:00.026818','2023-06-04 12:08:49.753971'),
                                                                                                                                                    (16,20,'SOJU','MALA',1.5,'컴덕',3,'2023-06-05 03:45:00.895659','2023-06-05 03:45:31.536592'),
                                                                                                                                                    (17,22,'SOJU','MALA',2.0,'Joy',5,'2023-06-06 14:23:39.192837','2023-06-06 14:24:02.773124'),
                                                                                                                                                    (18,23,'SOJU','MALA',2.0,'술덩이괴물',3,'2023-06-06 21:00:17.872518','2023-06-06 21:01:11.561485');

-- refresh_tokens
INSERT INTO refresh_tokens (id,created_at,expired_at,is_expired,token,user_id) VALUES
                                                                                       (1,'2023-05-25 01:33:20.496865','2023-06-25 01:33:20.496878',0,'c608185b-c565-447c-8ae0-a5b964bab282',1),
                                                                                       (2,'2023-05-25 13:32:23.905694','2023-06-25 13:32:23.905705',0,'476be305-21fd-49b6-89ba-ef7a4f278eaf',2),
                                                                                       (3,'2023-05-26 00:53:21.787456','2023-06-26 00:53:21.787460',0,'ea3e426f-2756-40ca-8975-db5319ab3187',3),
                                                                                       (4,'2023-05-27 22:20:06.527174','2023-06-27 22:20:06.527179',0,'8bec1416-2a7d-4372-b91b-b781e718d4e1',1),
                                                                                       (5,'2023-05-28 09:38:10.371790','2023-06-28 09:38:10.371795',0,'22ff45e1-48ef-496c-b447-f209293f8b34',4),
                                                                                       (6,'2023-05-28 16:10:09.067010','2023-06-28 16:10:09.067013',0,'b07d1845-f16a-4b0e-a308-d9f21c16e0c0',5),
                                                                                       (7,'2023-05-28 22:45:33.424620','2023-06-28 22:45:33.424647',0,'9cecdc2f-3689-47c3-b14d-1b45f0eb5394',6),
                                                                                       (8,'2023-05-28 22:46:41.500833','2023-06-28 22:46:41.500837',0,'325c041a-a0df-4864-b96d-b2b10d9f04e4',7),
                                                                                       (9,'2023-05-30 16:42:58.509900','2023-06-30 16:42:58.509904',0,'f66498ae-4e9b-42b6-a148-b0e7e1d7e088',4),
                                                                                       (10,'2023-05-30 18:28:51.489433','2023-06-30 18:28:51.489438',0,'4bb7a566-ab71-4002-9900-521fbc2b5475',4);
INSERT INTO refresh_tokens (id,created_at,expired_at,is_expired,token,user_id) VALUES
                                                                                       (11,'2023-05-30 18:44:57.265293','2023-06-30 18:44:57.265297',0,'d2e415e3-829d-4d72-8aac-1b858f755fec',4),
                                                                                       (12,'2023-05-30 22:35:43.450287','2023-06-30 22:35:43.450290',0,'bcffd392-6744-4947-83e0-15e3cf914c40',8),
                                                                                       (13,'2023-05-31 03:35:16.584962','2023-06-30 03:35:16.584973',0,'3d59f622-f035-46c8-8af1-66cdf7dd91b6',9),
                                                                                       (14,'2023-05-31 03:48:38.333286','2023-06-30 03:48:38.333291',0,'4b4d1c5a-f774-4c60-bd89-918c3201bb86',3),
                                                                                       (15,'2023-05-31 22:47:24.353446','2023-06-30 22:47:24.353450',0,'349eed6c-7f4b-4faa-a20c-16e8781375c0',10),
                                                                                       (16,'2023-05-31 23:00:07.922841','2023-06-30 23:00:07.922846',0,'75ac28b4-fa34-4425-9a45-400a37f5bc9d',3),
                                                                                       (17,'2023-05-31 23:21:15.055132','2023-06-30 23:21:15.055137',0,'30f61921-669a-4c2f-b790-c26a5ef72e58',3),
                                                                                       (18,'2023-05-31 23:27:25.619494','2023-06-30 23:27:25.619498',0,'2e44220a-111c-40ea-a554-a36a107e2781',11),
                                                                                       (19,'2023-05-31 23:28:46.969871','2023-06-30 23:28:46.969875',0,'85892407-9d18-46b8-aeae-c76a4ad3e6cb',11),
                                                                                       (20,'2023-05-31 23:43:16.182397','2023-06-30 23:43:16.182402',0,'34214731-cde2-4652-bcb1-1151ead979f1',3);
INSERT INTO refresh_tokens (id,created_at,expired_at,is_expired,token,user_id) VALUES
                                                                                       (21,'2023-05-31 23:47:49.184689','2023-06-30 23:47:49.184694',0,'b46b38f9-4b2d-4109-8bba-b29f6d19c1c6',11),
                                                                                       (22,'2023-06-01 03:51:32.010958','2023-07-01 03:51:32.010962',0,'e18904ed-e1aa-45de-b7c4-8ee3fdcd0d0f',4),
                                                                                       (23,'2023-06-01 05:49:03.568749','2023-07-01 05:49:03.568754',0,'a0adc21c-3117-4e17-9e75-250a938e6591',7),
                                                                                       (24,'2023-06-01 18:30:30.716988','2023-07-01 18:30:30.716991',0,'96887c93-b4ad-4ee3-986b-547a440bac7e',12),
                                                                                       (25,'2023-06-02 20:24:16.696461','2023-07-02 20:24:16.696467',0,'03e8877b-dac1-47d2-8038-74506e45a69d',13),
                                                                                       (26,'2023-06-02 20:27:29.235881','2023-07-02 20:27:29.235884',0,'1a7c89db-1acb-4e1d-a3ad-a25dd153318a',14),
                                                                                       (27,'2023-06-03 11:41:04.575263','2023-07-03 11:41:04.575268',0,'2663a51b-ccc2-45d9-83b5-4f0a3979c020',1),
                                                                                       (28,'2023-06-03 11:54:10.533850','2023-07-03 11:54:10.533855',0,'67adb6f0-c4a9-4e65-8edd-ec0efff64714',5),
                                                                                       (29,'2023-06-03 13:49:16.410283','2023-07-03 13:49:16.410288',0,'8f111a72-5b36-4cc1-bdc0-6a16eea8a5a4',15),
                                                                                       (30,'2023-06-03 15:14:38.549860','2023-07-03 15:14:38.549866',0,'09fdc571-dc52-4754-8214-5950a6bfdbd7',12);
INSERT INTO refresh_tokens (id,created_at,expired_at,is_expired,token,user_id) VALUES
                                                                                       (31,'2023-06-03 19:45:34.585513','2023-07-03 19:45:34.585518',0,'71e3515b-a55e-4d2a-9383-2e1019349b8c',3),
                                                                                       (32,'2023-06-03 20:24:13.330807','2023-07-03 20:24:13.330825',0,'5b3596b0-c02d-43c1-9083-54b2c799e1e4',16),
                                                                                       (33,'2023-06-03 20:37:05.981007','2023-07-03 20:37:05.981012',0,'007f12af-e8a3-44cc-ac6e-288d775eae07',12),
                                                                                       (34,'2023-06-03 20:37:30.658079','2023-07-03 20:37:30.658085',0,'c3dde5b6-733a-487c-aaa9-501228eabcdb',12),
                                                                                       (35,'2023-06-04 01:04:42.681043','2023-07-04 01:04:42.681047',0,'3380f9e6-3d44-452d-81e5-079c6afec9ff',17),
                                                                                       (36,'2023-06-04 01:05:33.137603','2023-07-04 01:05:33.137606',0,'0ecff045-f184-4b61-b262-a9d1a152b7a2',18),
                                                                                       (37,'2023-06-04 01:15:30.329795','2023-07-04 01:15:30.329800',0,'c2666e78-1fff-414a-aef0-6eb4053c12bd',3),
                                                                                       (38,'2023-06-04 12:08:00.032768','2023-07-04 12:08:00.032773',0,'ef575806-c61d-4a8c-b291-7f73d53d5532',19),
                                                                                       (39,'2023-06-05 03:45:01.172730','2023-07-05 03:45:01.172745',0,'c3868ecd-ad83-4531-8462-78cfb78045fa',20),
                                                                                       (41,'2023-06-06 04:30:38.246589','2023-07-06 04:30:38.246595',0,'e8cd5da6-366b-4178-afe2-d9b0ba91a94e',11);
INSERT INTO refresh_tokens (id,created_at,expired_at,is_expired,token,user_id) VALUES
                                                                                       (42,'2023-06-06 14:23:39.200565','2023-07-06 14:23:39.200570',0,'16c1574c-5300-4843-85d0-bd82be3aa8d4',22),
                                                                                       (43,'2023-06-06 16:00:20.379978','2023-07-06 16:00:20.379986',0,'7dddff2f-2f73-4428-b8e3-9035f49b4f17',3),
                                                                                       (44,'2023-06-06 16:22:47.635381','2023-07-06 16:22:47.635387',0,'b81db47d-139e-4f24-8e84-20d05f7cbaac',3),
                                                                                       (45,'2023-06-06 21:00:17.881568','2023-07-06 21:00:17.881572',0,'99636756-6ce0-4257-8c35-37fbe0eed247',23),
                                                                                       (46,'2023-06-07 01:03:11.307357','2023-07-07 01:03:11.307373',0,'beed4c2c-7144-49b5-a92d-69361efc231a',1),
                                                                                       (47,'2023-06-07 01:04:22.533578','2023-07-07 01:04:22.533585',0,'4120d1a5-bc5e-4780-883a-2c7469915817',16),
                                                                                       (48,'2023-06-07 01:04:24.455733','2023-07-07 01:04:24.455740',0,'d8333284-9cb3-4888-a7c1-a4fbf2fe20a2',1),
                                                                                       (49,'2023-06-07 01:05:06.518759','2023-07-07 01:05:06.518766',0,'6248ef70-4273-45bb-8b49-77a0e10c7ddc',16),
                                                                                       (50,'2023-06-07 01:05:08.440347','2023-07-07 01:05:08.440354',0,'85906dfc-d889-4585-85e3-c2cb28fa5787',1),
                                                                                       (51,'2023-06-07 01:07:16.271275','2023-07-07 01:07:16.271282',0,'a3354235-2ad9-4dfb-86a5-06644b642f33',16);
INSERT INTO refresh_tokens (id,created_at,expired_at,is_expired,token,user_id) VALUES
                                                                                       (52,'2023-06-07 01:08:41.087031','2023-07-07 01:08:41.087038',0,'c012f25c-794e-40c6-ad54-2edf391cb0ae',16),
                                                                                       (53,'2023-06-07 01:11:50.640286','2023-07-07 01:11:50.640293',0,'dc942300-3155-4f4f-8220-faac27be8fe9',16),
                                                                                       (54,'2023-06-07 01:12:54.200535','2023-07-07 01:12:54.200541',0,'5e4a0763-0870-466d-82da-5e6f3b63a7e5',16),
                                                                                       (55,'2023-06-07 01:13:39.594334','2023-07-07 01:13:39.594342',0,'ea59a82c-cd50-4a1d-ac0a-cabe057c741e',16),
                                                                                       (56,'2023-06-07 01:13:54.921931','2023-07-07 01:13:54.921939',0,'f3dedc5f-2fd1-4d5c-be7c-0c7d8d73636a',16),
                                                                                       (57,'2023-06-07 01:14:54.989931','2023-07-07 01:14:54.989938',0,'8412484b-2ee0-4a07-9618-65fa5be514e3',16),
                                                                                       (58,'2023-06-07 01:16:11.450443','2023-07-07 01:16:11.450450',0,'0b5e0a3d-1791-42e6-b92a-cebce366c850',16),
                                                                                       (59,'2023-06-07 01:16:24.476406','2023-07-07 01:16:24.476413',0,'37467561-6a37-4639-be93-7d7102e2adb0',16),
                                                                                       (60,'2023-06-07 01:18:57.673605','2023-07-07 01:18:57.673612',0,'5594a13e-3ee2-4f8f-b33e-a6298829843c',16),
                                                                                       (61,'2023-06-07 01:20:06.276027','2023-07-07 01:20:06.276033',0,'4c988039-c3e6-4634-ac09-4d311a92e50b',16);
INSERT INTO refresh_tokens (id,created_at,expired_at,is_expired,token,user_id) VALUES
                                                                                       (62,'2023-06-07 01:21:09.137492','2023-07-07 01:21:09.137500',0,'291f664e-e6b9-4279-abad-f2e03e4e984f',16),
                                                                                       (63,'2023-06-07 01:22:05.128215','2023-07-07 01:22:05.128222',0,'b9402eea-8f27-43f5-bf09-b65c2c34509c',16),
                                                                                       (64,'2023-06-07 01:23:00.931407','2023-07-07 01:23:00.931549',0,'fc198a69-0179-4a9a-9a80-4500b99328e5',16),
                                                                                       (65,'2023-06-07 01:41:52.648864','2023-07-07 01:41:52.648872',0,'240f2350-319b-4f38-9325-d0ffdb4faf5f',16),
                                                                                       (66,'2023-06-07 01:42:22.299575','2023-07-07 01:42:22.299581',0,'cc205d5a-3ff9-43e5-9ae7-ec54ce843b20',1),
                                                                                       (67,'2023-06-07 01:47:11.184365','2023-07-07 01:47:11.184372',0,'d2a50c41-4576-48e3-9b26-4b4a07b8f52b',16),
                                                                                       (68,'2023-06-07 02:37:27.921956','2023-07-07 02:37:27.921971',0,'b12b22d5-3db0-42d0-8968-0f2e54e327b5',16),
                                                                                       (70,'2023-06-07 02:56:44.542489','2023-07-07 02:56:44.542496',0,'8fd8662d-40cd-47b5-8e2a-6cb7a155dc70',16),
                                                                                       (71,'2023-06-07 02:57:51.352921','2023-07-07 02:57:51.352929',0,'d19f5e99-6000-4fe4-a0f2-43e968d2634b',16),
                                                                                       (72,'2023-06-07 02:59:12.459927','2023-07-07 02:59:12.459934',0,'8c984400-d693-47ff-8cef-423c04962a6b',3);
INSERT INTO refresh_tokens (id,created_at,expired_at,is_expired,token,user_id) VALUES
    (73,'2023-06-07 03:29:48.330759','2023-07-07 03:29:48.330772',0,'29071cda-4c98-43d0-958e-ab58b77bbb64',25);

-- calender
INSERT INTO calender (id,created_at,updated_at,contents,drink_condition,drink_end_date_time,drink_models,drink_start_date_time,image_urls,title,user_id) VALUES
                                                                                                                                                                 (1,'2023-05-25 01:33:54.177062','2023-05-25 01:33:54.206740','ㅋ','SMILING','2023-05-25 02:00:00','[{"type":"SOJU","quantity":1.5},{"type":"BEER","quantity":2.5}]','2023-05-25 00:00:00',NULL,'ㅋㅋ',1),
                                                                                                                                                                 (4,'2023-05-27 18:45:51.327316','2023-05-27 18:45:51.327316',NULL,NULL,'2023-05-27 18:45:51','[]','2023-05-27 18:45:47',NULL,'오늘의 음주기록',1),
                                                                                                                                                                 (6,'2023-05-28 12:01:44.956220','2023-05-28 12:01:44.961041','ㅋㅋㅋ','THINKING','2023-05-27 02:00:00','[{"type":"BEER","quantity":1.5}]','2023-05-27 00:00:00','https://s3.ap-northeast-2.amazonaws.com/alcdiary/ios-test/6A772C90-EF46-41AE-877A-9A2188765895','ㅋㅋㅋ',1),
                                                                                                                                                                 (7,'2023-05-28 12:02:41.526751','2023-05-28 12:02:41.529512','123','SMILING','2023-05-28 02:00:00','[{"type":"BEER","quantity":1.5}]','2023-05-28 00:00:00','https://s3.ap-northeast-2.amazonaws.com/alcdiary/ios-test/9A2B7757-A40E-4D14-9D20-097CC8410AA4','123',1),
                                                                                                                                                                 (9,'2023-05-28 14:16:34.181754','2023-05-28 14:16:34.183926',NULL,NULL,'2023-05-28 14:16:34','[{"type":"SOJU","quantity":0.5},{"type":"BEER","quantity":1.0}]','2023-05-28 14:16:25',NULL,'오늘의 음주기록',2),
                                                                                                                                                                 (10,'2023-05-28 14:17:31.863191','2023-05-28 14:17:31.866016',NULL,'SMILING','2023-05-28 02:00:00','[{"type":"BEER","quantity":0.5}]','2023-05-28 13:00:00','https://s3.ap-northeast-2.amazonaws.com/alcdiary/ios-test/386576C5-D60B-46A1-B5B1-3121FE2AB5C9','2차',2),
                                                                                                                                                                 (11,'2023-05-28 14:22:41.816245','2023-05-28 14:22:41.816245',NULL,NULL,'2023-05-28 14:22:42','[]','2023-05-28 14:16:25',NULL,'오늘의 음주기록',2),
                                                                                                                                                                 (12,'2023-05-28 14:24:28.022129','2023-05-28 14:24:28.025252',NULL,NULL,'2023-05-28 14:24:28','[{"type":"BEER","quantity":9.5}]','2023-05-28 14:22:56',NULL,'오늘의 음주기록',2),
                                                                                                                                                                 (13,'2023-05-28 14:24:34.381073','2023-05-28 14:24:34.381073',NULL,NULL,'2023-05-28 14:24:34','[]','2023-05-28 14:22:56',NULL,'오늘의 음주기록',2),
                                                                                                                                                                 (20,'2023-05-28 17:00:41.122155','2023-05-28 17:00:41.125579',NULL,'SMILING','2023-05-28 02:00:00','[{"type":"SOJU","quantity":2.0}]','2023-05-28 00:00:00',NULL,'ㅁ',1);
INSERT INTO calender (id,created_at,updated_at,contents,drink_condition,drink_end_date_time,drink_models,drink_start_date_time,image_urls,title,user_id) VALUES
                                                                                                                                                                 (24,'2023-05-28 18:13:42.355762','2023-06-05 13:50:54.927724','조금 취했습니다.
','THINKING','2023-05-28 18:15:00','[{"type":"WINE","quantity":12.0},{"type":"BEER","quantity":4.5}]','2023-05-18 22:28:00','https://s3.ap-northeast-2.amazonaws.com/alcdiary/ios-test/A7A19616-5B53-4133-9384-3F19AAA2B285,https://s3.ap-northeast-2.amazonaws.com/alcdiary/ios-test/B9DD095C-F09B-4105-91BC-704A8B70B45D','와인만 먹은날ㅎㅎ',3),
                                                                                                                                                                 (27,'2023-05-28 23:43:44.109273','2023-05-28 23:43:44.114706','맛있게 먹었습니다.',NULL,'2023-05-09 07:20:11','[{"type":"SOJU","quantity":0.5},{"type":"BEER","quantity":1.0}]','2023-05-09 07:02:11',NULL,'5월9알의 기록',3),
                                                                                                                                                                 (38,'2023-05-29 15:51:16.786380','2023-05-29 15:51:50.146020','맛있었지?
','DIZZY','2023-05-29 15:51:17','[{"type":"SOJU","quantity":1.5},{"type":"BEER","quantity":3.0},{"type":"WINE","quantity":2.0},{"type":"MAKGEOLLI","quantity":1.5}]','2023-05-29 15:51:03',NULL,'연휴에 친구들과!!',3),
                                                                                                                                                                 (40,'2023-05-30 22:59:29.921541','2023-05-30 22:59:29.954927',NULL,NULL,'2023-04-10 23:00:00','[{"type":"SOJU","quantity":1.0},{"type":"WINE","quantity":1.5}]','2023-04-10 20:00:00',NULL,'테스트1',5),
                                                                                                                                                                 (41,'2023-05-30 23:00:10.576772','2023-05-30 23:00:10.586331',NULL,'NAUSEATED','2023-04-10 14:00:00','[{"type":"SOJU","quantity":5.5}]','2023-04-10 10:00:00',NULL,'랄랄라',5),
                                                                                                                                                                 (42,'2023-05-30 23:01:02.616073','2023-05-30 23:01:02.626818',NULL,NULL,'2023-05-15 23:00:00','[{"type":"SOJU","quantity":1.5},{"type":"BEER","quantity":3.5},{"type":"WINE","quantity":1.0}]','2023-05-15 18:00:00',NULL,'테스트',5),
                                                                                                                                                                 (43,'2023-05-30 23:01:48.707431','2023-05-30 23:01:57.573922',NULL,'RELIEVED','2023-05-30 23:01:49','[{"type":"SOJU","quantity":1.0},{"type":"BEER","quantity":1.5},{"type":"WINE","quantity":1.0},{"type":"MAKGEOLLI","quantity":1.0}]','2023-05-30 23:01:41',NULL,'오늘의 음주기록',5),
                                                                                                                                                                 (44,'2023-05-31 11:09:26.852824','2023-05-31 11:09:26.859999',NULL,NULL,'2023-05-31 11:09:27','[{"type":"SOJU","quantity":0.5},{"type":"BEER","quantity":0.5},{"type":"WINE","quantity":1.0},{"type":"MAKGEOLLI","quantity":1.0}]','2023-05-31 11:09:20',NULL,'오늘의 음주기록',5),
                                                                                                                                                                 (45,'2023-05-31 22:48:18.565431','2023-05-31 22:48:18.568298',NULL,NULL,'2023-05-31 22:48:19','[{"type":"SOJU","quantity":1.0},{"type":"BEER","quantity":1.0},{"type":"WINE","quantity":1.0},{"type":"MAKGEOLLI","quantity":1.0}]','2023-05-31 22:48:13',NULL,'오늘의 음주기록',10),
                                                                                                                                                                 (46,'2023-05-31 23:36:20.133849','2023-05-31 23:36:20.137345','어우 힘들어','VOMITING','2023-05-31 04:00:00','[{"type":"SOJU","quantity":1.5},{"type":"WINE","quantity":2.0}]','2023-05-30 22:00:00','https://s3.ap-northeast-2.amazonaws.com/alcdiary/calendarLegacy/service/B925951D-EBAB-4B1A-AEF4-FF32115F0B61','난난나~',5);
INSERT INTO calender (id,created_at,updated_at,contents,drink_condition,drink_end_date_time,drink_models,drink_start_date_time,image_urls,title,user_id) VALUES
                                                                                                                                                                 (47,'2023-05-31 23:37:03.136574','2023-05-31 23:37:11.417771',NULL,'NAUSEATED','2023-05-31 23:37:03','[{"type":"SOJU","quantity":1.5},{"type":"BEER","quantity":2.0},{"type":"WINE","quantity":1.5},{"type":"MAKGEOLLI","quantity":3.0}]','2023-05-31 23:36:40',NULL,'오늘의 음주기록',5),
                                                                                                                                                                 (49,'2023-06-01 19:09:11.325323','2023-06-01 19:09:11.327978',NULL,NULL,'2023-06-01 19:09:11','[{"type":"SOJU","quantity":8.5}]','2023-05-28 14:24:52',NULL,'오늘의 음주기록',12),
                                                                                                                                                                 (50,'2023-06-03 11:50:05.108820','2023-06-03 11:50:05.108820',NULL,NULL,'2023-06-03 11:50:05','[]','2023-06-03 11:50:02',NULL,'오늘의 음주기록',3),
                                                                                                                                                                 (55,'2023-06-03 16:44:06.849480','2023-06-03 16:44:06.851659',NULL,'THINKING','2023-06-03 00:00:00','[{"type":"BEER","quantity":4.5}]','2023-06-02 22:00:00',NULL,'확인',11),
                                                                                                                                                                 (56,'2023-06-04 01:06:29.823151','2023-06-04 01:06:29.825183',NULL,NULL,'2023-06-04 01:06:30','[{"type":"SOJU","quantity":5.0},{"type":"BEER","quantity":5.0},{"type":"WINE","quantity":2.5},{"type":"MAKGEOLLI","quantity":3.5}]','2023-06-04 01:06:12',NULL,'오늘의 음주기록',18),
                                                                                                                                                                 (57,'2023-06-04 10:35:16.435082','2023-06-04 10:35:16.435082',NULL,NULL,'2023-06-04 10:35:16','[]','2023-06-04 10:35:00',NULL,'오늘의 음주기록',15),
                                                                                                                                                                 (58,'2023-06-04 10:36:01.607134','2023-06-04 10:36:01.611989',NULL,NULL,'2023-06-04 10:36:02','[{"type":"MAKGEOLLI","quantity":8.0}]','2023-06-04 10:35:00',NULL,'오늘의 음주기록',15),
                                                                                                                                                                 (59,'2023-06-04 10:36:31.728889','2023-06-04 10:36:31.728889',NULL,NULL,'2023-06-04 10:36:32','[]','2023-06-04 10:35:00',NULL,'오늘의 음주기록',15),
                                                                                                                                                                 (60,'2023-06-04 10:37:43.407331','2023-06-04 10:37:43.409467',NULL,NULL,'2023-06-04 10:37:43','[{"type":"MAKGEOLLI","quantity":23.0}]','2023-06-04 10:35:00',NULL,'오늘의 음주기록',15),
                                                                                                                                                                 (61,'2023-06-04 13:56:34.036458','2023-06-04 13:56:34.038992',NULL,'THINKING','2023-05-15 14:00:00','[{"type":"SOJU","quantity":1.5}]','2023-05-15 12:00:00',NULL,'제주도',19);
INSERT INTO calender (id,created_at,updated_at,contents,drink_condition,drink_end_date_time,drink_models,drink_start_date_time,image_urls,title,user_id) VALUES
                                                                                                                                                                 (62,'2023-06-04 13:56:55.082612','2023-06-04 13:56:55.086925',NULL,'THINKING','2023-05-16 14:00:00','[{"type":"SOJU","quantity":3.0}]','2023-05-16 12:00:00',NULL,'제주도',19),
                                                                                                                                                                 (63,'2023-06-04 13:57:08.123992','2023-06-04 13:57:08.128373',NULL,'THINKING','2023-05-17 14:00:00','[{"type":"SOJU","quantity":2.5}]','2023-05-17 12:00:00',NULL,'제주도',19),
                                                                                                                                                                 (64,'2023-06-04 13:57:45.796798','2023-06-04 13:57:45.798567',NULL,'DIZZY','2023-05-18 14:00:00','[{"type":"SOJU","quantity":4.0}]','2023-05-18 12:00:00',NULL,'제주도+숨형',19),
                                                                                                                                                                 (65,'2023-06-04 14:01:35.231640','2023-06-04 14:01:35.235076',NULL,'RELIEVED','2023-05-23 14:00:00','[{"type":"SOJU","quantity":1.0},{"type":"BEER","quantity":2.0}]','2023-05-23 12:00:00',NULL,'산책후',19),
                                                                                                                                                                 (66,'2023-06-04 14:02:01.794784','2023-06-04 14:02:01.797739',NULL,NULL,'2023-05-25 14:00:00','[{"type":"SOJU","quantity":3.0}]','2023-05-25 12:00:00',NULL,'굴림만두에 이자카야',19),
                                                                                                                                                                 (67,'2023-06-04 14:02:13.400794','2023-06-04 14:02:13.403176',NULL,NULL,'2023-05-24 14:00:00','[{"type":"SOJU","quantity":1.0}]','2023-05-24 12:00:00',NULL,'피자',19),
                                                                                                                                                                 (68,'2023-06-04 14:02:54.972141','2023-06-04 14:02:54.976657',NULL,'THINKING','2023-05-27 14:00:00','[{"type":"SOJU","quantity":1.5}]','2023-05-27 12:00:00',NULL,'승호생일',19),
                                                                                                                                                                 (69,'2023-06-04 14:03:15.492760','2023-06-04 14:03:15.497318',NULL,'THINKING','2023-05-28 14:00:00','[{"type":"SOJU","quantity":2.5}]','2023-05-28 12:00:00',NULL,'봉준이형네',19),
                                                                                                                                                                 (70,'2023-06-04 14:03:31.460354','2023-06-04 14:03:31.462110',NULL,'THINKING','2023-05-30 14:00:00','[{"type":"SOJU","quantity":2.0}]','2023-05-30 12:00:00',NULL,'워크샵',19),
                                                                                                                                                                 (71,'2023-06-04 14:04:49.718163','2023-06-04 14:04:49.726947',NULL,NULL,'2023-05-10 14:00:00','[{"type":"SOJU","quantity":2.0}]','2023-05-10 12:00:00',NULL,'마요네즈',19);
INSERT INTO calender (id,created_at,updated_at,contents,drink_condition,drink_end_date_time,drink_models,drink_start_date_time,image_urls,title,user_id) VALUES
                                                                                                                                                                 (72,'2023-06-04 14:05:10.229748','2023-06-04 14:05:10.232195',NULL,'DIZZY','2023-05-11 14:00:00','[{"type":"SOJU","quantity":2.5}]','2023-05-11 12:00:00',NULL,'힙지로',19),
                                                                                                                                                                 (73,'2023-06-04 14:05:29.988836','2023-06-04 14:05:29.991623',NULL,NULL,'2023-05-13 14:00:00','[{"type":"SOJU","quantity":1.0}]','2023-05-13 12:00:00',NULL,'삼겹간단',19),
                                                                                                                                                                 (74,'2023-06-04 15:59:09.087918','2023-06-04 15:59:09.089793','조금취함','THINKING','2023-06-04 02:05:00','[{"type":"SOJU","quantity":0.5827034},{"type":"BEER","quantity":1.2874137},{"type":"WINE","quantity":1.5299691}]','2023-06-03 23:58:00',NULL,'단비의6/4',4),
                                                                                                                                                                 (80,'2023-06-04 17:14:17.547631','2023-06-04 17:14:17.549517',NULL,NULL,'2023-05-26 14:00:00','[{"type":"BEER","quantity":6.0}]','2023-05-26 12:00:00',NULL,'ㅅㄹㅎㅎㅎ',3),
                                                                                                                                                                 (81,'2023-06-04 17:29:56.426267','2023-06-04 17:29:56.428130',NULL,'RELIEVED','2023-04-05 14:00:00','[{"type":"MAKGEOLLI","quantity":4.5}]','2023-04-05 12:00:00',NULL,'샌각준',3),
                                                                                                                                                                 (82,'2023-06-04 17:35:53.682362','2023-06-04 17:35:53.684621',NULL,'SMILING','2023-01-12 14:00:00','[{"type":"BEER","quantity":5.0}]','2023-01-12 12:00:00',NULL,'1월 한개',3),
                                                                                                                                                                 (83,'2023-06-04 23:49:29.998547','2023-06-04 23:49:30.016373','ㅋ','SMILING','2023-06-01 14:00:00','[{"type":"SOJU","quantity":0.5}]','2023-06-01 12:00:00',NULL,'ㅋ',1),
                                                                                                                                                                 (84,'2023-06-05 00:06:23.735058','2023-06-05 00:06:23.822680',NULL,NULL,'2023-06-05 00:06:15','[{"type":"SOJU","quantity":2.0}]','2023-06-04 22:06:15',NULL,'ㅋㅋ',1),
                                                                                                                                                                 (85,'2023-06-05 00:11:47.054208','2023-06-05 00:11:47.066517','ㅋㅋㅋ','SMILING','2023-06-05 00:10:00','[{"type":"BEER","quantity":1.5}]','2023-06-05 00:08:00',NULL,'ㅋㅋㅋㅋ',1),
                                                                                                                                                                 (87,'2023-06-05 00:52:20.094228','2023-06-05 00:52:20.173634',NULL,NULL,'2023-06-05 00:52:07','[{"type":"SOJU","quantity":1.5}]','2023-06-04 22:52:07',NULL,'ㅋㅋ',1);
INSERT INTO calender (id,created_at,updated_at,contents,drink_condition,drink_end_date_time,drink_models,drink_start_date_time,image_urls,title,user_id) VALUES
                                                                                                                                                                 (88,'2023-06-05 00:52:51.646514','2023-06-05 00:52:51.657075','ㅋㅋ','SMILING','2023-06-02 14:00:00','[{"type":"BEER","quantity":2.0},{"type":"SOJU","quantity":1.5}]','2023-06-02 12:00:00',NULL,'ㅋㄷㅋㄷ',1),
                                                                                                                                                                 (89,'2023-06-05 00:53:33.973511','2023-06-05 00:53:33.976956',NULL,NULL,'2023-06-02 14:00:00','[{"type":"SOJU","quantity":1.0}]','2023-06-02 12:00:00',NULL,'ㅋ',1),
                                                                                                                                                                 (91,'2023-06-05 00:58:28.457823','2023-06-05 00:58:28.457823',NULL,NULL,'2023-06-05 00:58:28','[]','2023-06-05 00:58:22',NULL,'오늘의 음주기록',7),
                                                                                                                                                                 (92,'2023-06-05 01:29:15.538430','2023-06-05 01:29:15.563696',NULL,NULL,'2023-06-03 14:00:00','[{"type":"BEER","quantity":1.5}]','2023-06-03 12:00:00',NULL,'ㅋㅋ',1),
                                                                                                                                                                 (93,'2023-06-05 01:51:04.106689','2023-06-05 01:51:04.112566',NULL,NULL,'2023-05-26 14:00:00','[{"type":"BEER","quantity":2.0},{"type":"SOJU","quantity":1.5}]','2023-05-26 12:00:00',NULL,'ㅋ',1),
                                                                                                                                                                 (94,'2023-06-05 02:04:02.695268','2023-06-05 02:04:02.753332',NULL,NULL,'2023-06-01 14:00:00','[{"type":"BEER","quantity":1.5}]','2023-06-01 12:00:00',NULL,'ㅋ',1),
                                                                                                                                                                 (95,'2023-06-05 13:51:46.596736','2023-06-06 23:50:23.404553',NULL,'SMILING','2023-06-05 13:50:55','[{"type":"BEER","quantity":5.0},{"type":"SOJU","quantity":0.5}]','2023-06-05 11:50:55',NULL,'술을 마셨다.',3),
                                                                                                                                                                 (96,'2023-06-06 16:04:29.658345','2023-06-06 16:06:25.958788','토마토빙수','DIZZY','2023-06-06 16:04:30','[{"type":"BEER","quantity":1.0},{"type":"SOJU","quantity":0.5}]','2023-06-06 16:04:24','https://s3.ap-northeast-2.amazonaws.com/alcdiary/calendarLegacy/service/A123A168-2D61-4898-845A-69721023C413','오늘의 음주기록',7),
                                                                                                                                                                 (100,'2023-06-06 17:52:08.937078','2023-06-06 17:52:08.939955',NULL,NULL,'2023-06-06 17:52:09','[{"type":"SOJU","quantity":0.5},{"type":"BEER","quantity":1.0},{"type":"MAKGEOLLI","quantity":2.5}]','2023-06-06 17:50:46',NULL,'오늘의 음주기록',4),
                                                                                                                                                                 (101,'2023-06-06 18:08:44.175067','2023-06-06 18:08:44.177294','단비의6/6',NULL,'2023-06-06 16:14:00','[{"type":"BEER","quantity":1.5},{"type":"WINE","quantity":2.0}]','2023-06-06 13:07:00',NULL,'단비의6/6',4);
INSERT INTO calender (id,created_at,updated_at,contents,drink_condition,drink_end_date_time,drink_models,drink_start_date_time,image_urls,title,user_id) VALUES
                                                                                                                                                                 (102,'2023-06-06 18:24:21.044250','2023-06-06 18:24:21.046207',NULL,NULL,'2023-06-04 14:00:00','[{"type":"BEER","quantity":3.0}]','2023-06-04 12:00:00',NULL,'확인한다',3),
                                                                                                                                                                 (103,'2023-06-06 18:24:39.108036','2023-06-06 18:24:39.113333',NULL,NULL,'2023-06-01 14:00:00','[{"type":"SOJU","quantity":3.5},{"type":"WINE","quantity":5.5}]','2023-06-01 12:00:00',NULL,'확인2',3),
                                                                                                                                                                 (108,'2023-06-06 19:24:01.998134','2023-06-06 19:24:02.000686',NULL,NULL,'2023-05-27 14:00:00','[{"type":"SOJU","quantity":1.5}]','2023-05-27 12:00:00',NULL,'ㅋ',1),
                                                                                                                                                                 (109,'2023-06-06 19:47:59.507174','2023-06-06 19:47:59.509731',NULL,NULL,'2023-05-24 14:00:00','[{"type":"SOJU","quantity":1.0}]','2023-05-24 12:00:00',NULL,'ㄴ',1),
                                                                                                                                                                 (110,'2023-06-06 21:03:31.152745','2023-06-06 21:03:31.155635',NULL,'DIZZY','2023-06-06 00:00:00','[{"type":"SOJU","quantity":2.5}]','2023-06-05 20:00:00','https://s3.ap-northeast-2.amazonaws.com/alcdiary/calendarLegacy/service/BC96BB86-25CA-4872-BC33-ECDD02A1C52F','모모',23),
                                                                                                                                                                 (111,'2023-06-06 22:12:41.876503','2023-06-06 22:12:41.886011',NULL,NULL,'2023-06-06 22:12:42','[{"type":"SOJU","quantity":0.5}]','2023-06-06 22:12:39',NULL,'오늘의 음주기록',7),
                                                                                                                                                                 (112,'2023-06-06 22:18:56.291443','2023-06-06 22:18:56.293769','','SMILING','2023-06-06 22:17:26','[{"type":"WINE","quantity":1.5}]','2023-05-03 20:17:00',NULL,'단비5/3',4),
                                                                                                                                                                 (113,'2023-06-06 22:27:02.749941','2023-06-06 22:27:02.752934','송아 언희 회기 학교앞 꽃세겹에 소맥 갓벽
','THINKING','2023-06-06 22:26:11','[{"type":"BEER","quantity":0.5},{"type":"SOJU","quantity":0.5}]','2023-06-06 20:26:11',NULL,'회기 삼소맥',22),
                                                                                                                                                                 (114,'2023-06-06 23:42:29.131404','2023-06-06 23:42:29.131404',NULL,NULL,'2023-06-06 23:42:20','[]','2023-06-06 21:42:20',NULL,'확인!',3),
                                                                                                                                                                 (115,'2023-06-07 00:05:10.428786','2023-06-07 00:05:10.428786','',NULL,'2023-06-02 22:04:00','[]','2023-06-01 22:04:00',NULL,'단비6/1',4);
INSERT INTO calender (id,created_at,updated_at,contents,drink_condition,drink_end_date_time,drink_models,drink_start_date_time,image_urls,title,user_id) VALUES
                                                                                                                                                                 (121,'2023-06-07 00:17:35.668581','2023-06-07 00:17:50.352191',NULL,NULL,'2023-06-07 00:17:36','[{"type":"SOJU","quantity":3.0},{"type":"BEER","quantity":1.0}]','2023-06-07 00:15:40',NULL,'소주 3병 많지 않아?…',3),
                                                                                                                                                                 (124,'2023-06-07 00:35:46.648411','2023-06-07 00:35:46.650905',NULL,'SMILING','2023-06-06 14:00:00','[{"type":"BEER","quantity":0.5}]','2023-06-06 12:00:00',NULL,'마미치킨',19),
                                                                                                                                                                 (125,'2023-06-07 01:04:43.783189','2023-06-07 01:04:43.788926','확인합니다.',NULL,'2023-06-01 14:00:00','[{"type":"BEER","quantity":5.0}]','2023-06-01 12:00:00',NULL,'체크체크',16),
                                                                                                                                                                 (126,'2023-06-07 01:22:20.907535','2023-06-07 01:22:20.910822',NULL,NULL,'2023-06-07 01:22:21','[{"type":"SOJU","quantity":3.0},{"type":"BEER","quantity":1.0},{"type":"WINE","quantity":1.5},{"type":"MAKGEOLLI","quantity":0.5}]','2023-06-07 01:22:16',NULL,'오늘의 음주기록',16),
                                                                                                                                                                 (127,'2023-06-07 03:33:53.785005','2023-06-07 03:33:53.797012','ㅋ','RELIEVED','2023-06-07 03:33:30','[{"type":"BEER","quantity":1.5},{"type":"SOJU","quantity":1.5}]','2023-06-07 01:33:30',NULL,'ㅋ',1),
                                                                                                                                                                 (128,'2023-06-07 03:34:56.920800','2023-06-07 03:34:56.920800',NULL,NULL,'2023-06-07 03:33:55','[]','2023-06-07 01:33:55',NULL,'ㅋ',1);

-- nickname_tokens
INSERT INTO nickname_tokens (id,ordinal,token) VALUES
                                                       (2,'SECOND','단속'),
                                                       (5,'FIRST','맥주'),
                                                       (8,'FIRST','소맥'),
                                                       (3,'FIRST','소주'),
                                                       (1,'FIRST','음주'),
                                                       (4,'SECOND','최고');

-- drink_categories
INSERT INTO drink_categories (id, name, created_at, updated_at) VALUES
                                                                    (1, '소주', '2023-06-30 13:42:38.996564', '2023-06-30 13:42:38.996564'),
                                                                    (2, '맥주', '2023-06-30 13:42:38.996564', '2023-06-30 13:42:38.996564'),
                                                                    (3, '와인', '2023-06-30 13:42:38.996564', '2023-06-30 13:42:38.996564'),
                                                                    (4, '막걸리', '2023-06-30 13:42:38.996564', '2023-06-30 13:42:38.996564');

-- drink_units
INSERT INTO drink_units (id, name, created_at, updated_at) VALUES
                                                               (1, '잔', '2023-06-30 13:42:38.996564', '2023-06-30 13:42:38.996564'),
                                                               (2, '병', '2023-06-30 13:42:38.996564', '2023-06-30 13:42:38.996564'),
                                                               (3, '캔', '2023-06-30 13:42:38.996564', '2023-06-30 13:42:38.996564'),
                                                               (4, '500mL', '2023-06-30 13:42:38.996564', '2023-06-30 13:42:38.996564');

-- drinks
INSERT INTO drinks (id, drink_category_id, name, created_at, updated_at) VALUES
                                                                             (1, 1, '참이슬', '2023-06-30 13:42:38.996564', '2023-06-30 13:42:38.996564'),
                                                                             (2, 1, '처음처럼', '2023-06-30 13:42:38.996564', '2023-06-30 13:42:38.996564'),
                                                                             (3, 1, '좋은데이', '2023-06-30 13:42:38.996564', '2023-06-30 13:42:38.996564'),
                                                                             (4, 2, '테라', '2023-06-30 13:42:38.996564', '2023-06-30 13:42:38.996564'),
                                                                             (5, 2, '카스', '2023-06-30 13:42:38.996564', '2023-06-30 13:42:38.996564'),
                                                                             (6, 2, '필라이트', '2023-06-30 13:42:38.996564', '2023-06-30 13:42:38.996564');


-- drink_unit_info
INSERT INTO drink_unit_infos (id, drink_id, drink_unit_id, price, calories, created_at, updated_at) VALUES
                                                                                                        (1, 1, 1, 500, 50, '2023-06-30 13:42:38.996564', '2023-06-30 13:42:38.996564'),
                                                                                                        (2, 1, 2, 5000, 500, '2023-06-30 13:42:38.996564', '2023-06-30 13:42:38.996564'),
                                                                                                        (3, 2, 1, 600, 60, '2023-06-30 13:42:38.996564', '2023-06-30 13:42:38.996564'),
                                                                                                        (4, 2, 2, 6000, 600, '2023-06-30 13:42:38.996564', '2023-06-30 13:42:38.996564'),
                                                                                                        (5, 3, 1, 700, 70, '2023-06-30 13:42:38.996564', '2023-06-30 13:42:38.996564'),
                                                                                                        (6, 3, 2, 7000, 700, '2023-06-30 13:42:38.996564', '2023-06-30 13:42:38.996564'),
                                                                                                        (7, 4, 1, 1000, 100, '2023-06-30 13:42:38.996564', '2023-06-30 13:42:38.996564'),
                                                                                                        (8, 4, 2, 5000, 500, '2023-06-30 13:42:38.996564', '2023-06-30 13:42:38.996564'),
                                                                                                        (9, 4, 3, 2500, 250, '2023-06-30 13:42:38.996564', '2023-06-30 13:42:38.996564'),
                                                                                                        (10, 4, 4, 3000, 300, '2023-06-30 13:42:38.996564', '2023-06-30 13:42:38.996564'),
                                                                                                        (11, 5, 1, 1000, 100, '2023-06-30 13:42:38.996564', '2023-06-30 13:42:38.996564'),
                                                                                                        (12, 5, 2, 5000, 500, '2023-06-30 13:42:38.996564', '2023-06-30 13:42:38.996564'),
                                                                                                        (13, 5, 3, 2500, 250, '2023-06-30 13:42:38.996564', '2023-06-30 13:42:38.996564'),
                                                                                                        (14, 5, 4, 3000, 300, '2023-06-30 13:42:38.996564', '2023-06-30 13:42:38.996564'),
                                                                                                        (15, 6, 1, 1000, 100, '2023-06-30 13:42:38.996564', '2023-06-30 13:42:38.996564'),
                                                                                                        (16, 6, 2, 5000, 500, '2023-06-30 13:42:38.996564', '2023-06-30 13:42:38.996564'),
                                                                                                        (17, 6, 3, 2500, 250, '2023-06-30 13:42:38.996564', '2023-06-30 13:42:38.996564'),
                                                                                                        (18, 6, 4, 3000, 300, '2023-06-30 13:42:38.996564', '2023-06-30 13:42:38.996564');